/*
SQLyog Ultimate v10.00 Beta1
MySQL - 5.5.5-10.4.6-MariaDB : Database - bluecard_new
*********************************************************************
*/


/*!40101 SET NAMES utf8 */;

/*!40101 SET SQL_MODE=''*/;

/*!40014 SET @OLD_UNIQUE_CHECKS=@@UNIQUE_CHECKS, UNIQUE_CHECKS=0 */;
/*!40014 SET @OLD_FOREIGN_KEY_CHECKS=@@FOREIGN_KEY_CHECKS, FOREIGN_KEY_CHECKS=0 */;
/*!40101 SET @OLD_SQL_MODE=@@SQL_MODE, SQL_MODE='NO_AUTO_VALUE_ON_ZERO' */;
/*!40111 SET @OLD_SQL_NOTES=@@SQL_NOTES, SQL_NOTES=0 */;
CREATE DATABASE /*!32312 IF NOT EXISTS*/`bluecard` /*!40100 DEFAULT CHARACTER SET latin1 */;

USE `bluecard`;

/*Table structure for table `activity` */

DROP TABLE IF EXISTS `activity`;

CREATE TABLE `activity` (
  `activity_id` int(10) NOT NULL AUTO_INCREMENT,
  `activity_name` enum('Added Member','Updated Member','Deleted Member','Added Dependent','Updated Dependent','Deleted Dependent','Added User','Updated User','Deleted User') DEFAULT NULL,
  `description` varchar(100) DEFAULT NULL,
  `date` date DEFAULT NULL,
  `time` time DEFAULT NULL,
  `user_id` int(10) DEFAULT NULL,
  `member_id` int(10) DEFAULT NULL,
  PRIMARY KEY (`activity_id`),
  KEY `user_id` (`user_id`),
  KEY `member_id` (`member_id`),
  CONSTRAINT `activity_ibfk_2` FOREIGN KEY (`user_id`) REFERENCES `user` (`user_id`),
  CONSTRAINT `activity_ibfk_3` FOREIGN KEY (`member_id`) REFERENCES `member` (`member_id`)
) ENGINE=InnoDB AUTO_INCREMENT=3 DEFAULT CHARSET=latin1;

/*Data for the table `activity` */

insert  into `activity`(`activity_id`,`activity_name`,`description`,`date`,`time`,`user_id`,`member_id`) values (1,'',NULL,'2019-11-25','10:44:00',NULL,5),(2,'',NULL,'2019-11-22','09:45:00',2,8);

/*Table structure for table `address` */

DROP TABLE IF EXISTS `address`;

CREATE TABLE `address` (
  `address_id` int(10) NOT NULL AUTO_INCREMENT,
  `barangay` varchar(50) DEFAULT NULL,
  `municipality` varchar(50) DEFAULT NULL,
  `province` varbinary(50) NOT NULL DEFAULT 'Laguna',
  `zip` varchar(10) DEFAULT NULL,
  PRIMARY KEY (`address_id`)
) ENGINE=InnoDB AUTO_INCREMENT=675 DEFAULT CHARSET=latin1;

/*Data for the table `address` */

insert  into `address`(`address_id`,`barangay`,`municipality`,`province`,`zip`) values (1,'Barangay I (Poblacion)','Alaminos','Laguna','4001'),(2,'Barangay II (Poblacion)','Alaminos','Laguna','4001'),(3,'Barangay III (Poblacion)','Alaminos','Laguna','4001'),(4,'Barangay IV (Poblacion)','Alaminos','Laguna','4001'),(5,'Del Carmen','Alaminos','Laguna','4001'),(6,'Palma','Alaminos','Laguna','4001'),(7,'San Agustin','Alaminos','Laguna','4001'),(8,'San Andres','Alaminos','Laguna','4001'),(9,'San Benito','Alaminos','Laguna','4001'),(10,'San Gregorio','Alaminos','Laguna','4001'),(11,'San Ildefonso','Alaminos','Laguna','4001'),(12,'San Juan','Alaminos','Laguna','4001'),(13,'San Miguel','Alaminos','Laguna','4001'),(14,'San Roque','Alaminos','Laguna','4001'),(15,'Santa Rosa','Alaminos','Laguna','4001'),(16,'Bitin','Bay','Laguna','4033'),(17,'Calo','Bay','Laguna','4033'),(18,'Dila','Bay','Laguna','4033'),(19,'Maitim','Bay','Laguna','4033'),(20,'Masaya','Bay','Laguna','4033'),(21,'Paciano Rizal','Bay','Laguna','4033'),(22,'Puypuy','Bay','Laguna','4033'),(23,'San Agustin (Poblacion)','Bay','Laguna','4033'),(24,'San Antonio','Bay','Laguna','4033'),(25,'San Isidro','Bay','Laguna','4033'),(26,'San Nicolas (Poblacion)','Bay','Laguna','4033'),(27,'Santa Cruz','Bay','Laguna','4033'),(28,'Santo Domingo','Bay','Laguna','4033'),(29,'Tagumpay','Bay','Laguna','4033'),(30,'Tranca','Bay','Laguna','4033'),(31,'Binan (Poblacion)','Binan','Laguna','4024'),(32,'Bungahan','Binan','Laguna','4024'),(33,'Canlalay','Binan','Laguna','4024'),(34,'Casile','Binan','Laguna','4024'),(35,'De La Paz','Binan','Laguna','4024'),(36,'Ganado','Binan','Laguna','4024'),(37,'Langkiwa','Binan','Laguna','4024'),(38,'Loma','Binan','Laguna','4024'),(39,'Malaban','Binan','Laguna','4024'),(40,'Malamig','Binan','Laguna','4024'),(41,'Mampalasan','Binan','Laguna','4024'),(42,'Platero','Binan','Laguna','4024'),(43,'Poblacion','Binan','Laguna','4024'),(44,'San Antonio','Binan','Laguna','4024'),(45,'San Francisco (Halang)','Binan','Laguna','4024'),(46,'San Jose','Binan','Laguna','4024'),(47,'San Vicente','Binan','Laguna','4024'),(48,'Santo Domingo','Binan','Laguna','4024'),(49,'Santo Niño','Binan','Laguna','4024'),(50,'Santo Tomas (Calabuso)','Binan','Laguna','4024'),(51,'Soro-soro','Binan','Laguna','4024'),(52,'Timbao','Binan','Laguna','4024'),(53,'Tubigan','Binan','Laguna','4024'),(54,'Zapote','Binan','Laguna','4024'),(55,'Baclaran','Cabuyao','Laguna','4025'),(56,'Banay-Banay','Cabuyao','Laguna','4025'),(57,'Banlic','Cabuyao','Laguna','4025'),(58,'Barangay Dos (Poblacion)','Cabuyao','Laguna','4025'),(59,'Barangay Tres (Poblacion)','Cabuyao','Laguna','4025'),(60,'Barangay Uno (Poblacion)','Cabuyao','Laguna','4025'),(61,'Bigaa','Cabuyao','Laguna','4025'),(62,'Butong','Cabuyao','Laguna','4025'),(63,'Casile','Cabuyao','Laguna','4025'),(64,'Diezmo','Cabuyao','Laguna','4025'),(65,'Gulod','Cabuyao','Laguna','4025'),(66,'Mamatid','Cabuyao','Laguna','4025'),(67,'Marinig','Cabuyao','Laguna','4025'),(68,'Niugan','Cabuyao','Laguna','4025'),(69,'Pittland','Cabuyao','Laguna','4025'),(70,'Pulo','Cabuyao','Laguna','4025'),(71,'Sala','Cabuyao','Laguna','4025'),(72,'San Isidro (Putol)','Cabuyao','Laguna','4025'),(73,'Bagong Kalsada','Calamba','Laguna','4027'),(74,'Banadero','Calamba','Laguna','4027'),(75,'Banlic','Calamba','Laguna','4027'),(76,'Barandal','Calamba','Laguna','4027'),(77,'Barangay 1 (Poblacion)','Calamba','Laguna','4027'),(78,'Barangay 2 (Poblacion)','Calamba','Laguna','4027'),(79,'Barangay 3 (Poblacion)','Calamba','Laguna','4027'),(80,'Barangay 4 (Poblacion)','Calamba','Laguna','4027'),(81,'Barangay 5 (Poblacion)','Calamba','Laguna','4027'),(82,'Barangay 6 (Poblacion)','Calamba','Laguna','4027'),(83,'Barangay 7 (Poblacion)','Calamba','Laguna','4027'),(84,'Batino','Calamba','Laguna','4027'),(85,'Bubuyan','Calamba','Laguna','4027'),(86,'Bucal','Calamba','Laguna','4027'),(87,'Bunggo','Calamba','Laguna','4027'),(88,'Burol','Calamba','Laguna','4027'),(89,'Camaligan','Calamba','Laguna','4027'),(90,'Canlubang','Calamba','Laguna','4027'),(91,'Halang','Calamba','Laguna','4027'),(92,'Hornalan','Calamba','Laguna','4027'),(93,'Kay-Anlog','Calamba','Laguna','4027'),(94,'La Mesa','Calamba','Laguna','4027'),(95,'Laguerta','Calamba','Laguna','4027'),(96,'Lawa','Calamba','Laguna','4027'),(97,'Lecheria','Calamba','Laguna','4027'),(98,'Lingga','Calamba','Laguna','4027'),(99,'Looc','Calamba','Laguna','4027'),(100,'Mabato','Calamba','Laguna','4027'),(101,'Majada Labas','Calamba','Laguna','4027'),(102,'Makiling','Calamba','Laguna','4027'),(103,'Mapagong','Calamba','Laguna','4027'),(104,'Masili','Calamba','Laguna','4027'),(105,'Maunong','Calamba','Laguna','4027'),(106,'Mayapa','Calamba','Laguna','4027'),(107,'Paciano Rizal','Calamba','Laguna','4027'),(108,'Palingon','Calamba','Laguna','4027'),(109,'Palo-Alto','Calamba','Laguna','4027'),(110,'Pansol','Calamba','Laguna','4027'),(111,'Parian','Calamba','Laguna','4027'),(112,'Prinza','Calamba','Laguna','4027'),(113,'Punta','Calamba','Laguna','4027'),(114,'Puting Lupa','Calamba','Laguna','4027'),(115,'Real','Calamba','Laguna','4027'),(116,'Saimsim','Calamba','Laguna','4027'),(117,'Sampiruhan','Calamba','Laguna','4027'),(118,'San Cristobal','Calamba','Laguna','4027'),(119,'San Jose','Calamba','Laguna','4027'),(120,'San Juan','Calamba','Laguna','4027'),(121,'Sirang Lupa','Calamba','Laguna','4027'),(122,'Sucol','Calamba','Laguna','4027'),(123,'Tulo','Calamba','Laguna','4027'),(124,'Turbina','Calamba','Laguna','4027'),(125,'Ulango','Calamba','Laguna','4027'),(126,'Uwisan','Calamba','Laguna','4027'),(127,'Balayhangin','Calauan','Laguna','4012'),(128,'Bangyas','Calauan','Laguna','4012'),(129,'Dayap','Calauan','Laguna','4012'),(130,'Hanggan','Calauan','Laguna','4012'),(131,'Imok','Calauan','Laguna','4012'),(132,'Kanluran (Poblacion)','Calauan','Laguna','4012'),(133,'Lamot 1','Calauan','Laguna','4012'),(134,'Lamot 2','Calauan','Laguna','4012'),(135,'Limao','Calauan','Laguna','4012'),(136,'Mabacan','Calauan','Laguna','4012'),(137,'Masiit','Calauan','Laguna','4012'),(138,'Paliparan','Calauan','Laguna','4012'),(139,'Perez','Calauan','Laguna','4012'),(140,'Prinza','Calauan','Laguna','4012'),(141,'San Isidro','Calauan','Laguna','4012'),(142,'Santo Tomas','Calauan','Laguna','4012'),(143,'Silangan (Poblacion)','Calauan','Laguna','4012'),(144,'Anglas','Cavinti','Laguna','4013'),(145,'Bangco','Cavinti','Laguna','4013'),(146,'Bukal','Cavinti','Laguna','4013'),(147,'Bulajo','Cavinti','Laguna','4013'),(148,'Cansuso','Cavinti','Laguna','4013'),(149,'Duhat','Cavinti','Laguna','4013'),(150,'Inao-Awan','Cavinti','Laguna','4013'),(151,'Kanluran Talaongan','Cavinti','Laguna','4013'),(152,'Labayo','Cavinti','Laguna','4013'),(153,'Layasin','Cavinti','Laguna','4013'),(154,'Layug','Cavinti','Laguna','4013'),(155,'Mahipon','Cavinti','Laguna','4013'),(156,'Paowin','Cavinti','Laguna','4013'),(157,'Poblacion','Cavinti','Laguna','4013'),(158,'Silangan Talaongan','Cavinti','Laguna','4013'),(159,'Sisilmin','Cavinti','Laguna','4013'),(160,'Sumucab','Cavinti','Laguna','4013'),(161,'Tibatib','Cavinti','Laguna','4013'),(162,'Udia','Cavinti','Laguna','4013'),(163,'Asana (Poblacion)','Famy','Laguna','4021'),(164,'Bacong-Sigsigan','Famy','Laguna','4021'),(165,'Bagong Pag-Asa (Poblacion)','Famy','Laguna','4021'),(166,'Balitoc','Famy','Laguna','4021'),(167,'Banaba (Poblacion)','Famy','Laguna','4021'),(168,'Batuhan','Famy','Laguna','4021'),(169,'Bulihan','Famy','Laguna','4021'),(170,'Caballero (Poblacion)','Famy','Laguna','4021'),(171,'Calumpang (Poblacion)','Famy','Laguna','4021'),(172,'Cuebang Bato','Famy','Laguna','4021'),(173,'Damayan (Poblacion)','Famy','Laguna','4021'),(174,'Kapatalan','Famy','Laguna','4021'),(175,'Kataypuanan','Famy','Laguna','4021'),(176,'Liyang','Famy','Laguna','4021'),(177,'Maate','Famy','Laguna','4021'),(178,'Magdalo (Poblacion)','Famy','Laguna','4021'),(179,'Mayatba','Famy','Laguna','4021'),(180,'Minayutan','Famy','Laguna','4021'),(181,'Salangbato','Famy','Laguna','4021'),(182,'Tunhac','Famy','Laguna','4021'),(183,'Longos','Kalayaan','Laguna','4015'),(184,'San Antonio','Kalayaan','Laguna','4015'),(185,'San Juan (Poblacion)','Kalayaan','Laguna','4015'),(186,'Bagong Anyo (Poblacion)','Liliw','Laguna','4004	'),(187,'Bayate','Liliw','Laguna','4004	'),(188,'Bongkol','Liliw','Laguna','4004	'),(189,'Bubukal','Liliw','Laguna','4004	'),(190,'Cabuyao','Liliw','Laguna','4004	'),(191,'Calumpang','Liliw','Laguna','4004	'),(192,'Culoy','Liliw','Laguna','4004	'),(193,'Dagatan','Liliw','Laguna','4004	'),(194,'Daniw (Danliw)','Liliw','Laguna','4004	'),(195,'Dita','Liliw','Laguna','4004	'),(196,'Ibabang Palina','Liliw','Laguna','4004	'),(197,'Ibabang San Roque','Liliw','Laguna','4004	'),(198,'Ibabang Sungi','Liliw','Laguna','4004	'),(199,'Ibabang Taykin','Liliw','Laguna','4004	'),(200,'Ilayang Palina','Liliw','Laguna','4004	'),(201,'Ilayang San Roque','Liliw','Laguna','4004	'),(202,'Ilayang Sungi','Liliw','Laguna','4004	'),(203,'Ilayang Taykin','Liliw','Laguna','4004	'),(204,'Kanlurang Bukal','Liliw','Laguna','4004	'),(205,'Laguan','Liliw','Laguna','4004	'),(206,'Luquin','Liliw','Laguna','4004	'),(207,'Malabo-Kalantukan','Liliw','Laguna','4004	'),(208,'Masikap (Poblacion)','Liliw','Laguna','4004	'),(209,'Maslun (Poblacion)','Liliw','Laguna','4004	'),(210,'Mojon','Liliw','Laguna','4004	'),(211,'Novaliches','Liliw','Laguna','4004	'),(212,'Oples','Liliw','Laguna','4004	'),(213,'Pag-Asa (Poblacion)','Liliw','Laguna','4004	'),(214,'Palayan','Liliw','Laguna','4004	'),(215,'Rizal (Poblacion)','Liliw','Laguna','4004	'),(216,'San Isidro','Liliw','Laguna','4004	'),(217,'Silangang Bukal','Liliw','Laguna','4004	'),(218,'Tuy-Baanan','Liliw','Laguna','4004	'),(219,'Anos','Los Baños','Laguna','4030	'),(220,'Bagong Silang','Los Baños','Laguna','4030	'),(221,'Bambang','Los Baños','Laguna','4030	'),(222,'Batong Malake','Los Baños','Laguna','4030	'),(223,'Baybayin (Poblacion)','Los Baños','Laguna','4030	'),(224,'Bayog','Los Baños','Laguna','4030	'),(225,'Lalakay','Los Baños','Laguna','4030	'),(226,'Maahas','Los Baños','Laguna','4030	'),(227,'Malinta','Los Baños','Laguna','4030	'),(228,'Mayondon','Los Baños','Laguna','4030	'),(229,'Putho Tuntungin','Los Baños','Laguna','4030	'),(230,'San Antonio','Los Baños','Laguna','4030	'),(231,'Tadlak','Los Baños','Laguna','4030	'),(232,'Timugan (Poblacion)','Los Baños','Laguna','4030	'),(233,'Barangay Zone I (Poblacion)','Luisiana','Laguna','4032	'),(234,'Barangay Zone II (Poblacion)','Luisiana','Laguna','4032	'),(235,'Barangay Zone III (Poblacion)','Luisiana','Laguna','4032	'),(236,'Barangay Zone IV (Poblacion)','Luisiana','Laguna','4032	'),(237,'Barangay Zone V (Poblacion)','Luisiana','Laguna','4032	'),(238,'Barangay Zone VI (Poblacion)','Luisiana','Laguna','4032	'),(239,'Barangay Zone VII (Poblacion)','Luisiana','Laguna','4032	'),(240,'Barangay Zone VIII (Poblacion)','Luisiana','Laguna','4032	'),(241,'De La Paz','Luisiana','Laguna','4032	'),(242,'San Antonio','Luisiana','Laguna','4032	'),(243,'San Buenaventura','Luisiana','Laguna','4032	'),(244,'San Diego','Luisiana','Laguna','4032	'),(245,'San Isidro','Luisiana','Laguna','4032	'),(246,'San Jose','Luisiana','Laguna','4032	'),(247,'San Juan','Luisiana','Laguna','4032	'),(248,'San Luis','Luisiana','Laguna','4032	'),(249,'San Pablo','Luisiana','Laguna','4032	'),(250,'San Pedro','Luisiana','Laguna','4032	'),(251,'San Rafael','Luisiana','Laguna','4032	'),(252,'San Roque','Luisiana','Laguna','4032	'),(253,'San Salvador','Luisiana','Laguna','4032	'),(254,'Santo Domingo','Luisiana','Laguna','4032	'),(255,'Santo Tomas','Luisiana','Laguna','4032	'),(256,'Bagong Silang','Lumban','Laguna','4014	'),(257,'Balimbingan (Poblacion)','Lumban','Laguna','4014	'),(258,'Balubad','Lumban','Laguna','4014	'),(259,'Caliraya','Lumban','Laguna','4014	'),(260,'Concepcion','Lumban','Laguna','4014	'),(261,'Lewin','Lumban','Laguna','4014	'),(262,'Maracta (Poblacion)','Lumban','Laguna','4014	'),(263,'Maytalang I','Lumban','Laguna','4014	'),(264,'Maytalang II','Lumban','Laguna','4014	'),(265,'Primera Parang (Poblacion)','Lumban','Laguna','4014	'),(266,'Primera Pulo (Poblacion)','Lumban','Laguna','4014	'),(267,'Salac (Poblacion)','Lumban','Laguna','4014	'),(268,'Santo Nino (Poblacion)','Lumban','Laguna','4014	'),(269,'Segunda Parang (Poblacion)','Lumban','Laguna','4014	'),(270,'Segunda Pulo (Poblacion)','Lumban','Laguna','4014	'),(271,'Wawa','Lumban','Laguna','4014	'),(272,'Amuyong','Mabitac','Laguna','4020	'),(273,'Bayanihan (Poblacion)','Mabitac','Laguna','4020	'),(274,'Lambac (Poblacion)','Mabitac','Laguna','4020	'),(275,'Libis ng Nayon (Poblacion)','Mabitac','Laguna','4020	'),(276,'Lucong','Mabitac','Laguna','4020	'),(277,'Maligaya (Poblacion)','Mabitac','Laguna','4020	'),(278,'Masikap (Poblacion)','Mabitac','Laguna','4020	'),(279,'Matalatala','Mabitac','Laguna','4020	'),(280,'Nanguma','Mabitac','Laguna','4020	'),(281,'Numero','Mabitac','Laguna','4020	'),(282,'Paagahan','Mabitac','Laguna','4020	'),(283,'Pag-Asa (Poblacion)','Mabitac','Laguna','4020	'),(284,'San Antonio','Mabitac','Laguna','4020	'),(285,'San Miguel','Mabitac','Laguna','4020	'),(286,'Sinagtala (Poblacion)','Mabitac','Laguna','4020	'),(287,'Alipit','Magdalena','Laguna','4007	'),(288,'Baanan','Magdalena','Laguna','4007	'),(289,'Balanac','Magdalena','Laguna','4007	'),(290,'Bucal','Magdalena','Laguna','4007	'),(291,'Buenavista','Magdalena','Laguna','4007	'),(292,'Bungkol','Magdalena','Laguna','4007	'),(293,'Buo','Magdalena','Laguna','4007	'),(294,'Burlungan','Magdalena','Laguna','4007	'),(295,'Cigaras','Magdalena','Laguna','4007	'),(296,'Halayhayin','Magdalena','Laguna','4007	'),(297,'Ibabang Atingay','Magdalena','Laguna','4007	'),(298,'Ibabang Butnong','Magdalena','Laguna','4007	'),(299,'Ilayang Atingay','Magdalena','Laguna','4007	'),(300,'Ilayang Butnong','Magdalena','Laguna','4007	'),(301,'Ilog','Magdalena','Laguna','4007	'),(302,'Malaking Ambling','Magdalena','Laguna','4007	'),(303,'Malinao','Magdalena','Laguna','4007	'),(304,'Maravilla','Magdalena','Laguna','4007	'),(305,'Munting Ambling','Magdalena','Laguna','4007	'),(306,'Poblacion','Magdalena','Laguna','4007	'),(307,'Sabang','Magdalena','Laguna','4007	'),(308,'Salasad','Magdalena','Laguna','4007	'),(309,'Tanawan','Magdalena','Laguna','4007	'),(310,'Tipunan','Magdalena','Laguna','4007	'),(311,'Amonoy','Majayjay','Laguna','4005	'),(312,'Bakia','Majayjay','Laguna','4005	'),(313,'Balanac','Majayjay','Laguna','4005	'),(314,'Balayong','Majayjay','Laguna','4005	'),(315,'Banilad','Majayjay','Laguna','4005	'),(316,'Banti','Majayjay','Laguna','4005	'),(317,'Bitaoy','Majayjay','Laguna','4005	'),(318,'Botocan','Majayjay','Laguna','4005	'),(319,'Bukal','Majayjay','Laguna','4005	'),(320,'Burgos','Majayjay','Laguna','4005	'),(321,'Burol','Majayjay','Laguna','4005	'),(322,'Coralao','Majayjay','Laguna','4005	'),(323,'Gagalot','Majayjay','Laguna','4005	'),(324,'Ibabang Banga','Majayjay','Laguna','4005	'),(325,'Ibabang Bayucain','Majayjay','Laguna','4005	'),(326,'Ilayang Banga','Majayjay','Laguna','4005	'),(327,'Ilayang Bayucain','Majayjay','Laguna','4005	'),(328,'Isabang','Majayjay','Laguna','4005	'),(329,'Malinao','Majayjay','Laguna','4005	'),(330,'May-It','Majayjay','Laguna','4005	'),(331,'Munting Kawayan','Majayjay','Laguna','4005	'),(332,'Olla','Majayjay','Laguna','4005	'),(333,'Oobi','Majayjay','Laguna','4005	'),(334,'Origuel (Poblacion)','Majayjay','Laguna','4005	'),(335,'Panalaban','Majayjay','Laguna','4005	'),(336,'Pangil','Majayjay','Laguna','4005	'),(337,'Panglan','Majayjay','Laguna','4005	'),(338,'Piit','Majayjay','Laguna','4005	'),(339,'Pook','Majayjay','Laguna','4005	'),(340,'Rizal','Majayjay','Laguna','4005	'),(341,'San Francisco (Poblacion)','Majayjay','Laguna','4005	'),(342,'San Isidro','Majayjay','Laguna','4005	'),(343,'San Miguel (Poblacion)','Majayjay','Laguna','4005	'),(344,'San Roque','Majayjay','Laguna','4005	'),(345,'Santa Catalina (Poblacion)','Majayjay','Laguna','4005	'),(346,'Suba','Majayjay','Laguna','4005	'),(347,'Talortor','Majayjay','Laguna','4005	'),(348,'Tanawan','Majayjay','Laguna','4005	'),(349,'Taytay','Majayjay','Laguna','4005	'),(350,'Villa Nogales','Majayjay','Laguna','4005	'),(351,'Abo','Nagcarlan','Laguna','4002	'),(352,'Alibungbungan','Nagcarlan','Laguna','4002	'),(353,'Alumbrado','Nagcarlan','Laguna','4002	'),(354,'Balayong','Nagcarlan','Laguna','4002	'),(355,'Balimbing','Nagcarlan','Laguna','4002	'),(356,'Balinacon','Nagcarlan','Laguna','4002	'),(357,'Bambang','Nagcarlan','Laguna','4002	'),(358,'Banago','Nagcarlan','Laguna','4002	'),(359,'Banca-Banca','Nagcarlan','Laguna','4002	'),(360,'Bangcuro','Nagcarlan','Laguna','4002	'),(361,'Banilad','Nagcarlan','Laguna','4002	'),(362,'Bayaquitos','Nagcarlan','Laguna','4002	'),(363,'Buboy','Nagcarlan','Laguna','4002	'),(364,'Buenavista','Nagcarlan','Laguna','4002	'),(365,'Buhanginan','Nagcarlan','Laguna','4002	'),(366,'Bukal','Nagcarlan','Laguna','4002	'),(367,'Bunga','Nagcarlan','Laguna','4002	'),(368,'Cabuyew','Nagcarlan','Laguna','4002	'),(369,'Calumpang','Nagcarlan','Laguna','4002	'),(370,'Kanluran Kabubuhayan','Nagcarlan','Laguna','4002	'),(371,'Kanluran Lazaan','Nagcarlan','Laguna','4002	'),(372,'Labangan','Nagcarlan','Laguna','4002	'),(373,'Lagulo','Nagcarlan','Laguna','4002	'),(374,'Lawaguin','Nagcarlan','Laguna','4002	'),(375,'Maiit','Nagcarlan','Laguna','4002	'),(376,'Malaya','Nagcarlan','Laguna','4002	'),(377,'Malinao','Nagcarlan','Laguna','4002	'),(378,'Manaol','Nagcarlan','Laguna','4002	'),(379,'Maravilla','Nagcarlan','Laguna','4002	'),(380,'Nagcalbang','Nagcarlan','Laguna','4002	'),(381,'Oples','Nagcarlan','Laguna','4002	'),(382,'Palayan','Nagcarlan','Laguna','4002	'),(383,'Palina','Nagcarlan','Laguna','4002	'),(384,'Poblacion I (Poblacion)','Nagcarlan','Laguna','4002	'),(385,'Poblacion II (Poblacion)','Nagcarlan','Laguna','4002	'),(386,'Poblacion III (Poblacion)','Nagcarlan','Laguna','4002	'),(387,'Sabang','Nagcarlan','Laguna','4002	'),(388,'San Francisco','Nagcarlan','Laguna','4002	'),(389,'Santa Lucia','Nagcarlan','Laguna','4002	'),(390,'Sibulan','Nagcarlan','Laguna','4002	'),(391,'Silangan Ilaya','Nagcarlan','Laguna','4002	'),(392,'Silangan Kabubuhayan','Nagcarlan','Laguna','4002	'),(393,'Silangan Lazaan','Nagcarlan','Laguna','4002	'),(394,'Silangan Napapatid','Nagcarlan','Laguna','4002	'),(395,'Sinipian','Nagcarlan','Laguna','4002	'),(396,'Sulsuguin','Nagcarlan','Laguna','4002	'),(397,'Talahib','Nagcarlan','Laguna','4002	'),(398,'Talangan','Nagcarlan','Laguna','4002	'),(399,'Taytay','Nagcarlan','Laguna','4002	'),(400,'Tipacan','Nagcarlan','Laguna','4002	'),(401,'Wakat','Nagcarlan','Laguna','4002	'),(402,'Yukos','Nagcarlan','Laguna','4002	'),(403,'Bagumbayan (Poblacion)','Paete','Laguna','4016	'),(404,'Bangkusay (Poblacion)','Paete','Laguna','4016	'),(405,'Ermita (Poblacion)','Paete','Laguna','4016	'),(406,'Ibaba del Norte (Poblacion)','Paete','Laguna','4016	'),(407,'Ibaba del Sur (Poblacion)','Paete','Laguna','4016	'),(408,'Ilaya del Norte (Poblacion)','Paete','Laguna','4016	'),(409,'Ilaya del Sur (Poblacion)','Paete','Laguna','4016	'),(410,'Maytoong (Poblacion)','Paete','Laguna','4016	'),(411,'Quinale (Poblacion)','Paete','Laguna','4016	'),(412,'Anibong','Pagsanjan','Laguna','4008	'),(413,'Barangay I (Poblacion)','Pagsanjan','Laguna','4008	'),(414,'Barangay II (Poblacion)','Pagsanjan','Laguna','4008	'),(415,'Biñan','Pagsanjan','Laguna','4008	'),(416,'Buboy','Pagsanjan','Laguna','4008	'),(417,'Cabanbanan','Pagsanjan','Laguna','4008	'),(418,'Calusiche','Pagsanjan','Laguna','4008	'),(419,'Dingin','Pagsanjan','Laguna','4008	'),(420,'Lambac','Pagsanjan','Laguna','4008	'),(421,'Layugan','Pagsanjan','Laguna','4008	'),(422,'Magdapio','Pagsanjan','Laguna','4008	'),(423,'Maulawin','Pagsanjan','Laguna','4008	'),(424,'Pinagsanjan','Pagsanjan','Laguna','4008	'),(425,'Sabang','Pagsanjan','Laguna','4008	'),(426,'Sampaloc','Pagsanjan','Laguna','4008	'),(427,'San Isidro','Pagsanjan','Laguna','4008	'),(428,'Banilan','Pakil','Laguna','4017	'),(429,'Baño (Poblacion)','Pakil','Laguna','4017	'),(430,'Burgos (Poblacion)','Pakil','Laguna','4017	'),(431,'Casa Real','Pakil','Laguna','4017	'),(432,'Casinsin','Pakil','Laguna','4017	'),(433,'Dorado','Pakil','Laguna','4017	'),(434,'Gonzales (Poblacion)','Pakil','Laguna','4017	'),(435,'Kabulusan','Pakil','Laguna','4017	'),(436,'Matikiw','Pakil','Laguna','4017	'),(437,'Rizal (Poblacion)','Pakil','Laguna','4017	'),(438,'Saray','Pakil','Laguna','4017	'),(439,'Taft (Poblacion)','Pakil','Laguna','4017	'),(440,'Tavera (Poblacion)','Pakil','Laguna','4017	'),(441,'Balian','Pangil','Laguna','4018	'),(442,'Dambo','Pangil','Laguna','4018	'),(443,'Galalan','Pangil','Laguna','4018	'),(444,'Isla (Poblacion)','Pangil','Laguna','4018	'),(445,'Mabato-Azufre','Pangil','Laguna','4018	'),(446,'Natividad (Poblacion)','Pangil','Laguna','4018	'),(447,'San Jose (Poblacion)','Pangil','Laguna','4018	'),(448,'Sulib','Pangil','Laguna','4018	'),(449,'Aplaya','Pila','Laguna','4010	'),(450,'Bagong Pook','Pila','Laguna','4010	'),(451,'Bukal','Pila','Laguna','4010	'),(452,'Bulilan Norte (Poblacion)','Pila','Laguna','4010	'),(453,'Bulilan Sur (Poblacion)','Pila','Laguna','4010	'),(454,'Concepcion','Pila','Laguna','4010	'),(455,'Labuin','Pila','Laguna','4010	'),(456,'Linga','Pila','Laguna','4010	'),(457,'Masico','Pila','Laguna','4010	'),(458,'Mojon','Pila','Laguna','4010	'),(459,'Pansol','Pila','Laguna','4010	'),(460,'Pinagbayanan','Pila','Laguna','4010	'),(461,'San Antonio','Pila','Laguna','4010	'),(462,'San Miguel','Pila','Laguna','4010	'),(463,'Santa Clara Norte (Poblacion)','Pila','Laguna','4010	'),(464,'Santa Clara Sur (Poblacion)','Pila','Laguna','4010	'),(465,'Tubuan','Pila','Laguna','4010	'),(466,'Antipolo','Rizal','Laguna','4003	'),(467,'East Poblacion','Rizal','Laguna','4003	'),(468,'Entablado','Rizal','Laguna','4003	'),(469,'Laguan','Rizal','Laguna','4003	'),(470,'Paule 1','Rizal','Laguna','4003	'),(471,'Paule 2','Rizal','Laguna','4003	'),(472,'Pook','Rizal','Laguna','4003	'),(473,'Tala','Rizal','Laguna','4003	'),(474,'Talaga','Rizal','Laguna','4003	'),(475,'Tuy','Rizal','Laguna','4003	'),(476,'West Poblacion','Rizal','Laguna','4003	'),(477,'Atisan','San Pablo','Laguna','4000	'),(478,'Bagong Bayan II-A (Poblacion)','San Pablo','Laguna','4000	'),(479,'Bagong Pook VI-C (Poblacion)','San Pablo','Laguna','4000	'),(480,'Barangay I-A (Poblacion)','San Pablo','Laguna','4000	'),(481,'Barangay I-B (Poblacion)','San Pablo','Laguna','4000	'),(482,'Barangay II-A (Poblacion)','San Pablo','Laguna','4000	'),(483,'Barangay II-B (Poblacion)','San Pablo','Laguna','4000	'),(484,'Barangay II-C (Poblacion)','San Pablo','Laguna','4000	'),(485,'Barangay II-D (Poblacion)','San Pablo','Laguna','4000	'),(486,'Barangay II-E (Poblacion)','San Pablo','Laguna','4000	'),(487,'Barangay II-F (Poblacion)','San Pablo','Laguna','4000	'),(488,'Barangay III-A (Poblacion)','San Pablo','Laguna','4000	'),(489,'Barangay III-B (Poblacion)','San Pablo','Laguna','4000	'),(490,'Barangay III-C (Poblacion)','San Pablo','Laguna','4000	'),(491,'Barangay III-D (Poblacion)','San Pablo','Laguna','4000	'),(492,'Barangay III-E (Poblacion)','San Pablo','Laguna','4000	'),(493,'Barangay III-F (Poblacion)','San Pablo','Laguna','4000	'),(494,'Barangay IV-A (Poblacion)','San Pablo','Laguna','4000	'),(495,'Barangay IV-B (Poblacion)','San Pablo','Laguna','4000	'),(496,'Barangay IV-C (Poblacion)','San Pablo','Laguna','4000	'),(497,'Barangay V-A (Poblacion)','San Pablo','Laguna','4000	'),(498,'Barangay V-B (Poblacion)','San Pablo','Laguna','4000	'),(499,'Barangay V-C (Poblacion)','San Pablo','Laguna','4000	'),(500,'Barangay V-D (Poblacion)','San Pablo','Laguna','4000	'),(501,'Barangay VI-A (Poblacion)','San Pablo','Laguna','4000	'),(502,'Barangay VI-B (Poblacion)','San Pablo','Laguna','4000	'),(503,'Barangay VI-D (Poblacion)','San Pablo','Laguna','4000	'),(504,'Barangay VI-E (Poblacion)','San Pablo','Laguna','4000	'),(505,'Barangay VII-A (Poblacion)','San Pablo','Laguna','4000	'),(506,'Barangay VII-B (Poblacion)','San Pablo','Laguna','4000	'),(507,'Barangay VII-C (Poblacion)','San Pablo','Laguna','4000	'),(508,'Barangay VII-D (Poblacion)','San Pablo','Laguna','4000	'),(509,'Barangay VII-E (Poblacion)','San Pablo','Laguna','4000	'),(510,'Bautista','San Pablo','Laguna','4000	'),(511,'Concepcion','San Pablo','Laguna','4000	'),(512,'Del Remedio','San Pablo','Laguna','4000	'),(513,'Dolores','San Pablo','Laguna','4000	'),(514,'San Antonio 1','San Pablo','Laguna','4000	'),(515,'San Antonio 2','San Pablo','Laguna','4000	'),(516,'San Bartolome','San Pablo','Laguna','4000	'),(517,'San Buenaventura','San Pablo','Laguna','4000	'),(518,'San Crispin','San Pablo','Laguna','4000	'),(519,'San Cristobal','San Pablo','Laguna','4000	'),(520,'San Diego','San Pablo','Laguna','4000	'),(521,'San Francisco','San Pablo','Laguna','4000	'),(522,'San Gabriel','San Pablo','Laguna','4000	'),(523,'San Gregorio','San Pablo','Laguna','4000	'),(524,'San Ignacio','San Pablo','Laguna','4000	'),(525,'San Isidro','San Pablo','Laguna','4000	'),(526,'San Joaquin','San Pablo','Laguna','4000	'),(527,'San Jose','San Pablo','Laguna','4000	'),(528,'San Juan','San Pablo','Laguna','4000	'),(529,'San Lorenzo','San Pablo','Laguna','4000	'),(530,'San Lucas 1','San Pablo','Laguna','4000	'),(531,'San Lucas 2','San Pablo','Laguna','4000	'),(532,'San Marcos','San Pablo','Laguna','4000	'),(533,'San Mateo','San Pablo','Laguna','4000	'),(534,'San Miguel','San Pablo','Laguna','4000	'),(535,'San Nicolas','San Pablo','Laguna','4000	'),(536,'San Pedro','San Pablo','Laguna','4000	'),(537,'San Rafael','San Pablo','Laguna','4000	'),(538,'San Roque','San Pablo','Laguna','4000	'),(539,'San Vicente','San Pablo','Laguna','4000	'),(540,'Santa Ana','San Pablo','Laguna','4000	'),(541,'Santa Catalina','San Pablo','Laguna','4000	'),(542,'Santa Cruz','San Pablo','Laguna','4000	'),(543,'Santa Elena','San Pablo','Laguna','4000	'),(544,'Santa Felomina','San Pablo','Laguna','4000	'),(545,'Santa Isabel','San Pablo','Laguna','4000	'),(546,'Santa Maria','San Pablo','Laguna','4000	'),(547,'Santa Maria Magdalena','San Pablo','Laguna','4000	'),(548,'Santa Monica','San Pablo','Laguna','4000	'),(549,'Santa Veronica','San Pablo','Laguna','4000	'),(550,'Santiago I','San Pablo','Laguna','4000	'),(551,'Santiago II','San Pablo','Laguna','4000	'),(552,'Santisimo Rosario','San Pablo','Laguna','4000	'),(553,'Santo Angel','San Pablo','Laguna','4000	'),(554,'Santo Cristo','San Pablo','Laguna','4000	'),(555,'Santo Niño','San Pablo','Laguna','4000	'),(556,'Soledad','San Pablo','Laguna','4000	'),(557,'Bagong Silang','San Pedro','Laguna','4023	'),(558,'Calendola','San Pedro','Laguna','4023	'),(559,'Cuyab','San Pedro','Laguna','4023	'),(560,'Estrella','San Pedro','Laguna','4023	'),(561,'G.S.I.S.','San Pedro','Laguna','4023	'),(562,'Landayan','San Pedro','Laguna','4023	'),(563,'Langgam','San Pedro','Laguna','4023	'),(564,'Laram','San Pedro','Laguna','4023	'),(565,'Magsaysay','San Pedro','Laguna','4023	'),(566,'Narra','San Pedro','Laguna','4023	'),(567,'Nueva','San Pedro','Laguna','4023	'),(568,'Poblacion','San Pedro','Laguna','4023	'),(569,'Riverside','San Pedro','Laguna','4023	'),(570,'Sampaguita Village','San Pedro','Laguna','4023	'),(571,'San Antonio','San Pedro','Laguna','4023	'),(572,'San Roque','San Pedro','Laguna','4023	'),(573,'San Vicente','San Pedro','Laguna','4023	'),(574,'Santo Niño','San Pedro','Laguna','4023	'),(575,'United Bayanihan','San Pedro','Laguna','4023	'),(576,'United Better Living','San Pedro','Laguna','4023	'),(577,'Alipit','Santa Cruz','Laguna','4009'),(578,'Bagumbayan','Santa Cruz','Laguna','4009'),(579,'Barangay I (Poblacion)','Santa Cruz','Laguna','4009'),(580,'Barangay II (Poblacion)','Santa Cruz','Laguna','4009'),(581,'Barangay III (Poblacion)','Santa Cruz','Laguna','4009'),(582,'Barangay IV (Poblacion)','Santa Cruz','Laguna','4009'),(583,'Barangay V (Poblacion)','Santa Cruz','Laguna','4009'),(584,'Bubukal','Santa Cruz','Laguna','4009'),(585,'Calios','Santa Cruz','Laguna','4009'),(586,'Duhat','Santa Cruz','Laguna','4009'),(587,'Gatid','Santa Cruz','Laguna','4009'),(588,'Jasaan','Santa Cruz','Laguna','4009'),(589,'Labuin','Santa Cruz','Laguna','4009'),(590,'Malinao','Santa Cruz','Laguna','4009'),(591,'Oogong','Santa Cruz','Laguna','4009'),(592,'Pagsawitan','Santa Cruz','Laguna','4009'),(593,'Palasan','Santa Cruz','Laguna','4009'),(594,'Patimbao','Santa Cruz','Laguna','4009'),(595,'San Jose','Santa Cruz','Laguna','4009'),(596,'San Juan','Santa Cruz','Laguna','4009'),(597,'San Pablo Norte','Santa Cruz','Laguna','4009'),(598,'San Pablo Sur','Santa Cruz','Laguna','4009'),(599,'Santisima Cruz','Santa Cruz','Laguna','4009'),(600,'Santo Angel Central','Santa Cruz','Laguna','4009'),(601,'Santo Angel Norte','Santa Cruz','Laguna','4009'),(602,'Santo Angel Sur','Santa Cruz','Laguna','4009'),(603,'Adia','Santa Maria','Laguna','4022	'),(604,'Bagong Pook','Santa Maria','Laguna','4022	'),(605,'Bagumbayan','Santa Maria','Laguna','4022	'),(606,'Barangay I (Poblacion)','Santa Maria','Laguna','4022	'),(607,'Barangay II (Poblacion)','Santa Maria','Laguna','4022	'),(608,'Barangay III (Poblacion)','Santa Maria','Laguna','4022	'),(609,'Barangay IV (Poblacion)','Santa Maria','Laguna','4022	'),(610,'Bubukal','Santa Maria','Laguna','4022	'),(611,'Cabooan','Santa Maria','Laguna','4022	'),(612,'Calangay','Santa Maria','Laguna','4022	'),(613,'Cambuja','Santa Maria','Laguna','4022	'),(614,'Coralan','Santa Maria','Laguna','4022	'),(615,'Cueva','Santa Maria','Laguna','4022	'),(616,'Inayapan','Santa Maria','Laguna','4022	'),(617,'Jose Laurel, Sr.','Santa Maria','Laguna','4022	'),(618,'Jose Rizal','Santa Maria','Laguna','4022	'),(619,'Kayhakat','Santa Maria','Laguna','4022	'),(620,'Macasipac','Santa Maria','Laguna','4022	'),(621,'Masinao','Santa Maria','Laguna','4022	'),(622,'Mataling-Ting','Santa Maria','Laguna','4022	'),(623,'Pao-o','Santa Maria','Laguna','4022	'),(624,'Parang Ng Buho','Santa Maria','Laguna','4022	'),(625,'Santiago','Santa Maria','Laguna','4022	'),(626,'Talangka','Santa Maria','Laguna','4022	'),(627,'Tungkod','Santa Maria','Laguna','4022	'),(628,'Aplaya','Santa Rosa','Laguna','4026	'),(629,'Balibago','Santa Rosa','Laguna','4026	'),(630,'Caingin','Santa Rosa','Laguna','4026	'),(631,'Dila','Santa Rosa','Laguna','4026	'),(632,'Dita','Santa Rosa','Laguna','4026	'),(633,'Don Jose','Santa Rosa','Laguna','4026	'),(634,'Ibaba','Santa Rosa','Laguna','4026	'),(635,'Kanluran (Poblacion)','Santa Rosa','Laguna','4026	'),(636,'Labas','Santa Rosa','Laguna','4026	'),(637,'Macabling','Santa Rosa','Laguna','4026	'),(638,'Malitlit','Santa Rosa','Laguna','4026	'),(639,'Malusak (Poblacion)','Santa Rosa','Laguna','4026	'),(640,'Market Area (Poblacion)','Santa Rosa','Laguna','4026	'),(641,'Pook','Santa Rosa','Laguna','4026	'),(642,'Pulong Santa Cruz','Santa Rosa','Laguna','4026	'),(643,'Santo Domingo','Santa Rosa','Laguna','4026	'),(644,'Sinalhan','Santa Rosa','Laguna','4026	'),(645,'Tagapo','Santa Rosa','Laguna','4026	'),(646,'Acevida','Siniloan','Laguna','4019	'),(647,'Bagong Pag-Asa (Poblacion)','Siniloan','Laguna','4019	'),(648,'Bagumbarangay (Poblacion)','Siniloan','Laguna','4019	'),(649,'Buhay','Siniloan','Laguna','4019	'),(650,'G. Redor (Poblacion)','Siniloan','Laguna','4019	'),(651,'Gen. Luna','Siniloan','Laguna','4019	'),(652,'Halayhayin','Siniloan','Laguna','4019	'),(653,'J. Rizal (Poblacion)','Siniloan','Laguna','4019	'),(654,'Kapatalan','Siniloan','Laguna','4019	'),(655,'Laguio','Siniloan','Laguna','4019	'),(656,'Liyang','Siniloan','Laguna','4019	'),(657,'Llavac','Siniloan','Laguna','4019	'),(658,'Macatad','Siniloan','Laguna','4019	'),(659,'Magsaysay','Siniloan','Laguna','4019	'),(660,'Mayatba','Siniloan','Laguna','4019	'),(661,'Mendiola','Siniloan','Laguna','4019	'),(662,'P. Burgos','Siniloan','Laguna','4019	'),(663,'Pandeno','Siniloan','Laguna','4019	'),(664,'Salubungan','Siniloan','Laguna','4019	'),(665,'Wawa','Siniloan','Laguna','4019	'),(666,'Banca-Banca','Victoria','Laguna','4011	'),(667,'Daniw','Victoria','Laguna','4011	'),(668,'Masapang','Victoria','Laguna','4011	'),(669,'Nanhaya (Poblacion)','Victoria','Laguna','4011	'),(670,'Pagalangan','Victoria','Laguna','4011	'),(671,'San Benito','Victoria','Laguna','4011	'),(672,'San Felix','Victoria','Laguna','4011	'),(673,'San Francisco','Victoria','Laguna','4011	'),(674,'San Roque (Poblacion)','Victoria','Laguna','4011	');

/*Table structure for table `admin` */

DROP TABLE IF EXISTS `admin`;

CREATE TABLE `admin` (
  `admin_id` int(10) NOT NULL AUTO_INCREMENT,
  `user_id` int(10) DEFAULT NULL,
  `f_name` varchar(20) DEFAULT NULL,
  `m_name` varchar(20) DEFAULT NULL,
  `l_name` varchar(20) DEFAULT NULL,
  `gender` enum('M','F') DEFAULT NULL,
  `birthdate` date DEFAULT NULL,
  `img` blob DEFAULT NULL,
  PRIMARY KEY (`admin_id`),
  KEY `user_id` (`user_id`),
  CONSTRAINT `admin_ibfk_1` FOREIGN KEY (`user_id`) REFERENCES `user` (`user_id`)
) ENGINE=InnoDB AUTO_INCREMENT=2 DEFAULT CHARSET=latin1;

/*Data for the table `admin` */

insert  into `admin`(`admin_id`,`user_id`,`f_name`,`m_name`,`l_name`,`gender`,`birthdate`,`img`) values (1,NULL,'Mark','Anonuevo','Ugat','M','1997-12-07',NULL);

/*Table structure for table `bluecard` */

DROP TABLE IF EXISTS `bluecard`;

CREATE TABLE `bluecard` (
  `bluecard_id` int(20) NOT NULL AUTO_INCREMENT,
  `f_name` varchar(20) DEFAULT NULL,
  `m_name` varchar(20) DEFAULT NULL,
  `l_name` varchar(20) DEFAULT NULL,
  `address` varchar(20) DEFAULT NULL,
  PRIMARY KEY (`bluecard_id`)
) ENGINE=InnoDB AUTO_INCREMENT=1000123496 DEFAULT CHARSET=latin1;

/*Data for the table `bluecard` */

insert  into `bluecard`(`bluecard_id`,`f_name`,`m_name`,`l_name`,`address`) values (1000123456,'Renz','Mallari','Alfonso','Santa Cruz'),(1000123459,'Mark John Patrick','Anonuevo','Ugat','Santa Cruz'),(1000123460,'Josmarie','Malao','Quizmono','Santa Cruz'),(1000123461,'Beverly','Birat','Ugat','Santa Cruz'),(1000123462,'Homer','Casin','Bilao','Santa Cruz'),(1000123463,'John John','Javier','Reyes','Santa Cruz'),(1000123464,'Lesvie','Mutya','Tobias','Pagsanjan'),(1000123465,'John Patrick','Berganos','Anonuevo','Pila'),(1000123466,'Kean','Renz','Alfonso','Bay'),(1000123467,'Vertho','Kalaw','Sepsep','Victoria'),(1000123468,'Torez','Bayaw','Calapin','Los Banos'),(1000123469,'Zenaida','Calabit','Pedro','San Pedro'),(1000123470,'Berting','Kuzma','Labra','Pakil'),(1000123471,'Erwin','Zotomayor','Labin','Pangil'),(1000123472,'Jonas','Villar','Silang','Paete'),(1000123473,'Mendres','Yupe','Blastique','Magdalena'),(1000123474,'Nuning','Yamot','Mendoza','Cavinti'),(1000123475,'Jamie','caste','Madrigal','Kalayaan'),(1000123476,'Edgardo','Visoy','Bersaso','Siniloan'),(1000123477,'Ricey','Mazano','Guttierrez','Calamba'),(1000123478,'Kyle','Valles','Valdes','San Pablo'),(1000123479,'Wanda','Mandaong','Abadier','Santa Rosa'),(1000123480,'Jon','Stark','Snow','Binan'),(1000123481,'Denver','Lucas','Borja','Santa Cruz'),(1000123482,'Islaminda','Bernardo','Ponce','Santa Cruz'),(1000123483,'Aidezen','Calabit','Pedro','Pagsanjan'),(1000123484,'Aidezen','Mallari','Pedro','Santa Cruz'),(1000123485,'Kristian','Elbo','Quilapio','Santa Cruz'),(1000123486,'Renz','Keanu','Alfonso','Santa Cruz'),(1000123487,'Aidezen','Alabit','Pedro','Pagsanjan'),(1000123488,'Aidezen','Pio','Pedro','Pagsanjan'),(1000123489,'Kristian','Elbo','Quilapio','Santa Cruz'),(1000123490,'Kristian','Elbo','Quilapio','Santa Cruz'),(1000123491,'Kristian','Elbo','Quilapio','Santa Cruz'),(1000123492,'','','','Municipality'),(1000123493,'Esmeralda','Mallari','Alfonso','Santa Cruz'),(1000123494,'','','','Municipality'),(1000123495,'','','','Municipality');

/*Table structure for table `category` */

DROP TABLE IF EXISTS `category`;

CREATE TABLE `category` (
  `category_id` int(10) NOT NULL,
  `category` varchar(3) DEFAULT NULL,
  `category_disc` varchar(5) NOT NULL,
  `category_desc` varchar(180) NOT NULL,
  PRIMARY KEY (`category_id`),
  KEY `category_id` (`category_id`)
) ENGINE=InnoDB DEFAULT CHARSET=latin1;

/*Data for the table `category` */

insert  into `category`(`category_id`,`category`,`category_disc`,`category_desc`) values (1,'A','100','<= 6000'),(2,'B','85','6001 - 8000'),(3,'C','70','8001 - 10000'),(4,'D','50','10001 - 12000');

/*Table structure for table `dependent` */

DROP TABLE IF EXISTS `dependent`;

CREATE TABLE `dependent` (
  `dependent_id` int(10) NOT NULL AUTO_INCREMENT,
  `member_id` int(10) DEFAULT NULL,
  `flag` int(1) DEFAULT 1,
  `f_name` varchar(20) DEFAULT NULL,
  `m_name` varchar(20) DEFAULT NULL,
  `l_name` varchar(20) DEFAULT NULL,
  `gender` enum('M','F') DEFAULT NULL,
  `relationship` varchar(20) DEFAULT NULL,
  `occupation` varchar(20) DEFAULT NULL,
  `monthly_income` varchar(20) DEFAULT NULL,
  PRIMARY KEY (`dependent_id`),
  KEY `member_id` (`member_id`),
  CONSTRAINT `dependent_ibfk_1` FOREIGN KEY (`member_id`) REFERENCES `member` (`member_id`)
) ENGINE=InnoDB AUTO_INCREMENT=11 DEFAULT CHARSET=latin1;

/*Data for the table `dependent` */

insert  into `dependent`(`dependent_id`,`member_id`,`flag`,`f_name`,`m_name`,`l_name`,`gender`,`relationship`,`occupation`,`monthly_income`) values (4,2,1,'Johanna','Malao','Quizmono','F','Child','None','None'),(5,2,0,'Crispin','Bangers','Quizmono','M','Father','Army','25000'),(6,36,1,'Belen','Elbo','Quilapio','F','Mother','Housewife','None'),(7,4,1,'dhfyuefd','dsfsrg','aserfete','M','Spouse','none','none'),(8,2,0,'Joseph','Marita','Bajit','M','Child','None','None'),(9,3,1,'Glenda','Mandy','Lacosta','F','Child','Sales Clerk','15000'),(10,3,0,'','','','M','Spouse','','');

/*Table structure for table `employee` */

DROP TABLE IF EXISTS `employee`;

CREATE TABLE `employee` (
  `employee_id` int(10) NOT NULL AUTO_INCREMENT,
  `user_id` int(10) DEFAULT NULL,
  `employee_no` varchar(20) DEFAULT NULL,
  `flag` int(1) DEFAULT 1,
  `f_name` varchar(20) DEFAULT NULL,
  `m_name` varchar(20) DEFAULT NULL,
  `l_name` varchar(20) DEFAULT NULL,
  `gender` enum('M','F') DEFAULT NULL,
  `birthdate` date DEFAULT NULL,
  `phone_no` varchar(20) DEFAULT NULL,
  `cell_no` varchar(20) DEFAULT NULL,
  `email` varchar(50) DEFAULT NULL,
  `img` varchar(100) DEFAULT NULL,
  PRIMARY KEY (`employee_id`),
  KEY `user_id` (`user_id`),
  CONSTRAINT `employee_ibfk_1` FOREIGN KEY (`user_id`) REFERENCES `user` (`user_id`)
) ENGINE=InnoDB AUTO_INCREMENT=23 DEFAULT CHARSET=latin1;

/*Data for the table `employee` */

insert  into `employee`(`employee_id`,`user_id`,`employee_no`,`flag`,`f_name`,`m_name`,`l_name`,`gender`,`birthdate`,`phone_no`,`cell_no`,`email`,`img`) values (1,2,'2010-43141',1,'Hannah','Hesus','Rodriguez','F','1994-06-07','1247856932','09291576849','hrodriguez@gmail.com',NULL),(2,3,'2002-12345',0,'Jennifer','Roxas','Lopez','F','1989-10-10','09458799312','09281473256','jlopez@yahoo.com',NULL),(3,4,'2008-12385',1,'Robert','Justice','Langdon','M','1994-06-07','12450025485','1248966321','rlangdon25@gmail.com','mark.jpg'),(4,5,'2012-85217',1,'Jonathan','Waters','Franzen','M','1989-12-25','08478565254','9889522158','jfranzen45@ymail.com',NULL),(5,6,'2010-85112',1,'Mark','Adams','Romero','M','1988-05-20','12487965233','12458922155','mromero45@yahoo.com',NULL),(6,7,'2015-55662',1,'Esperanza Mae','Bajit','Cruz','F','1995-01-26','1247896358','5521366987','ecruz88@ymail.com',NULL),(7,8,'2010-52136',1,'Lucrecia','Johns','Gilbert','F','1989-04-15','12336988974','15489956549','lGilbert44@gmail.com',NULL),(8,9,'2015-45265',1,'Jim','Kings','Halpert','M','1985-05-18','21478995626','59659895613','jhalpert90@gmail.com',NULL),(9,10,'2011-78256',1,'Harry','James','Paulson','M','1994-10-30','147895621465','4789658213','hpaulson33@gmail.com',NULL),(10,11,'2010-88766',1,'Christian','Grey','Carrott','M','1985-06-08','19268793324','09142257895','ccarrott17@yahoo.com',NULL),(12,12,'2010-45585',1,'Mark John Patrick','Anonuevo','Ugat','M','1998-07-26','12345678920','02157852133','mugat@yahoo.com','mark.jpg'),(13,1,'2010-43252',1,'Renz Keanu','Mallari','Alfonso','M','1994-10-30','0495573961','09291576849','rkalfonso@outlook.com','renz_pic.jpeg'),(17,13,'2010-45875',1,'Ivanoppp','Malvar','Tan','M','1994-10-10','0495573961','09291576849','ivan23@gmail.com',''),(19,18,'2189-78752',1,'Artemis Diana','Mallari','Alfonso','F','1990-04-20','0495573961','09291654785','artemis20@gmail.com','71870135_1693036720828300_5846546724423729152_n.jpg'),(20,19,'2014-78556',1,'Kristian Ed','Elbo','Quilapio','M','1998-06-25','0495578997','09294558796','kristianquilapio@yahoo.com','pio.jpg'),(21,20,'2145-8878',1,'Teresa','Bayot','Lazaro','F','1987-10-10','09261154785','0495573221','teresa@gmail.com','usecasepic.png'),(22,21,'2010-43141',1,'Alessandro Gavin','Alfonso','Conde','M','1994-10-30','0495573961','09291576849','rkalfonso@outlook.com','');

/*Table structure for table `member` */

DROP TABLE IF EXISTS `member`;

CREATE TABLE `member` (
  `member_id` int(10) NOT NULL AUTO_INCREMENT,
  `flag` int(1) DEFAULT 1,
  `card_number` int(20) DEFAULT NULL,
  `category` varchar(3) DEFAULT NULL,
  `category_id` int(10) DEFAULT NULL,
  `f_name` varchar(20) DEFAULT NULL,
  `m_name` varchar(20) DEFAULT NULL,
  `l_name` varchar(20) DEFAULT NULL,
  `gender` enum('M','F') DEFAULT NULL,
  `birthdate` date DEFAULT NULL,
  `birthplace` varchar(30) DEFAULT NULL,
  `civil_status` enum('Single','Married','Widowed','Separated') DEFAULT NULL,
  `id_presented` varchar(30) DEFAULT NULL,
  `nationality` varchar(20) DEFAULT NULL,
  `phone_no` varchar(20) DEFAULT NULL,
  `cell_no` varchar(20) DEFAULT NULL,
  `email` varchar(50) DEFAULT NULL,
  `occupation` varchar(20) DEFAULT NULL,
  `monthly_income` varchar(30) DEFAULT NULL,
  `house_no` varchar(10) DEFAULT NULL,
  `street_name` varchar(20) DEFAULT NULL,
  `address_id` int(10) DEFAULT NULL,
  PRIMARY KEY (`member_id`),
  KEY `address_id` (`address_id`),
  KEY `card_number` (`card_number`),
  KEY `category_id` (`category_id`),
  CONSTRAINT `member_ibfk_1` FOREIGN KEY (`address_id`) REFERENCES `address` (`address_id`),
  CONSTRAINT `member_ibfk_2` FOREIGN KEY (`card_number`) REFERENCES `bluecard` (`bluecard_id`),
  CONSTRAINT `member_ibfk_3` FOREIGN KEY (`category_id`) REFERENCES `category` (`category_id`)
) ENGINE=InnoDB AUTO_INCREMENT=41 DEFAULT CHARSET=latin1;

/*Data for the table `member` */

insert  into `member`(`member_id`,`flag`,`card_number`,`category`,`category_id`,`f_name`,`m_name`,`l_name`,`gender`,`birthdate`,`birthplace`,`civil_status`,`id_presented`,`nationality`,`phone_no`,`cell_no`,`email`,`occupation`,`monthly_income`,`house_no`,`street_name`,`address_id`) values (1,0,1000123459,'A',1,'Mark Christiand','Anonuevo','Ugat','M','2019-11-26','Santa Cruz','Married','Voter\'s ID','Filipino','0498545215','09294854621','mugat25@yahoo.com','Service Crew','15000','449','Lawan',582),(2,0,1000123460,'A',1,'Josmariea','Malao','Quizmono','F','0000-00-00','Los Banos','Single','Voter\'s ID','Filipino','12345678902','19254856584','','Construction','5000','346','Camias',600),(3,1,1000123461,'A',1,'Beverly','Biratas','Ugat','F','1985-10-30','Santa Cruz','Married','Voter\'s ID','Filipino','0495578941','09154887662','bevUgat@gmail.com','HR','5422','781','Kamagong',589),(4,1,1000123462,'B',2,'Homer','Casin','Bilao','M','0000-00-00','San Juan','Single','Voter\'s ID','Filipino','','12345678900','','HR','1200','911','Lawaan',607),(5,1,1000123463,'C',3,'John John','Javier','Reyes','M','0000-00-00','Victoria','Married','Voter\'s ID','Filipino',NULL,'123456789',NULL,'Baker','5000','391','Bagon Silang',601),(6,1,1000123464,'A',1,'Lesvie','Mutya','Tobias','F','0000-00-00','Pila','Single','Voter\'s ID','Filipino',NULL,'123456789',NULL,'Manager','16000','683','Mapagmahal',500),(7,1,1000123465,'A',1,'John Patrick','Berganos','Anonuevo','M','0000-00-00','Bicol','Single','Voter\'s ID','Filipino','','123456789','','Miner','50000','4161','Quezon',612),(8,1,1000123466,'A',1,'Kean','Renz','Alfonso','M','0000-00-00','Magadalena','Married','Voter\'s ID','Filipino',NULL,'123456789',NULL,'Attendant','15000','2187','Kasoy',599),(9,1,1000123467,'B',2,'Vertho','Kalaw','SepSep','M','0000-00-00','Liliw','Single','Voter\'s ID','Filipino',NULL,'123456789',NULL,'Supervisor','20000','662','Primera Pulo',558),(10,1,1000123468,'D',4,'Torez','Bayaw','Calapin','M','0000-00-00','Majayjay','Married','Voter\'s ID','Filipino',NULL,'123456789',NULL,'Rider','45000','561','Aguinaldo',589),(11,1,1000123469,'C',3,'Zenaida','Calabit','Pedro','F','0000-00-00','Siniloan','Married','Voter\'s ID','Filipino',NULL,'1232456785',NULL,'None','45000','211','Pinagpala',597),(12,1,1000123470,'A',1,'Berting','Kuzma','Labra','M','0000-00-00','Siniloan','Single','Voter\'s ID','Filipino',NULL,'123456789',NULL,'None','4000','932','Narra',589),(13,1,1000123471,'A',1,'Erwin','Zotomayor','Labin','M','0000-00-00','famy','Single','Passport','Filipino',NULL,'1645168416',NULL,'Model','4587','795','Samapaguita',600),(14,1,1000123472,'A',1,'Jonas','Villar','Silang','M','0000-00-00','Bay','Married','Driver\'s License','Filipino',NULL,'5454454544',NULL,'Pusher','45200','352','Biak na Bato',542),(15,1,1000123473,'B',2,'Mendres','Yupe','Blastique','F','0000-00-00','Canlubang','Single','Voter\'s ID','Filipino',NULL,'2151515155',NULL,'Head Cook','15000','799','Gumamela',610),(16,1,1000123474,'C',3,'Nuning','Yamot','Mendoza','F','0000-00-00','Cabuyao','Married','Voter\'s ID','Filipino',NULL,'444515115',NULL,'Secretary','17000','435','Segundo',593),(17,1,1000123475,'D',4,'Jamie','Caste','Madrigal','M','0000-00-00','San Pedro','Single','Voter\'s ID','Filipino',NULL,'516515165',NULL,'Programmer','50000','758','No Parking',595),(18,1,1000123476,'A',1,'Joseph','Casio','Angola','M','1994-10-16','Santa Cruz','Single','Postal ID','Filipino','12345678920','12345678920','jangola@yahoo.com','Construction Worker','15000','1557','Alfonso',597),(19,1,1000123477,'A',1,'Ricey','Manzano','Guttierrez','F','0000-00-00','Calamba','Single','Voter\'s ID','Filipino',NULL,'4565578954',NULL,'Driver','15000','569','Rosas',598),(20,0,1000123478,'A',1,'Kyle','Valles','Valdes','M','0000-00-00','Liliw','Married','Voter\'s ID','Filipino',NULL,'6516515166',NULL,'Accounting','25000','143','Mabini',603),(21,1,1000123479,'D',4,'Wanda','Mandaong','Abadier','F','0000-00-00','magdalena','Married','Voter\'s ID','Filipino',NULL,'8548548454',NULL,'Maintenance','15000','1189','Guevarra',615),(32,1,1000123480,'B',2,'Jon','Stark','Snow','M','1994-10-10','Winterfell','Single','Voter\'s ID','Westerosi','1234567890','1234567890','jonsnow@wic.com','Knight\'s Watch','20000','1187','Mabini',586),(33,1,1000123481,'A',1,'Denver','Lucas','Borja','M','1990-04-20','Santa Cruz','Married','Voter\'s ID',NULL,NULL,NULL,NULL,NULL,NULL,NULL,NULL,580),(34,1,1000123482,'A',1,'Islaminda','Bernardo','Ponce','F','1946-07-06','Los Banos, Laguna','Widowed','Senior Citizen ID','Filipino','0495573961','09157234596','iponce06@yahoo.com','None','none','1187','',582),(35,1,1000123486,'A',1,'Renz','Keanu','Alfonso','M','1994-10-30','Laguna','Single','Comelec','Filipino','123456789','123456789','renz@gmail.com','None','NOne','1187','mabini',582),(36,1,1000123485,'A',1,'Kristian','Elbo','Quilapio','M','1994-10-10','Laguna','Single','Voters id','Filipino','65464564','654654645','pio@gmail.com','None','NOne','1187','kamatoy',580),(38,1,1000123493,'A',1,'Esmeralda','Mallari','Alfonso','F','1963-08-08','Arayat, Pampanga','Married','Voters ID','Filipino','0495573961','09185035142','esmealfonso@gmail.com','Housewife','None','1187','A. Mabini',582);

/*Table structure for table `profile` */

DROP TABLE IF EXISTS `profile`;

CREATE TABLE `profile` (
  `profile_id` int(10) NOT NULL AUTO_INCREMENT,
  `user_id` int(10) DEFAULT NULL,
  `education` varchar(100) DEFAULT NULL COMMENT 'Bachelor''s Degree of the user',
  `location` varchar(50) DEFAULT NULL COMMENT 'City and state (e.g. Santa Cruz, Laguna)',
  `skills` varchar(100) DEFAULT NULL COMMENT '(e.g. Administrative, Programming etc.)',
  `bio` varchar(180) DEFAULT NULL COMMENT 'Simple bio that describes the user.',
  PRIMARY KEY (`profile_id`),
  KEY `user_id` (`user_id`),
  CONSTRAINT `profile_ibfk_1` FOREIGN KEY (`user_id`) REFERENCES `user` (`user_id`)
) ENGINE=InnoDB DEFAULT CHARSET=latin1;

/*Data for the table `profile` */

/*Table structure for table `user` */

DROP TABLE IF EXISTS `user`;

CREATE TABLE `user` (
  `user_id` int(10) NOT NULL AUTO_INCREMENT,
  `username` varchar(50) NOT NULL,
  `password` varchar(50) NOT NULL,
  `role` enum('admin','superuser','user1','user2') NOT NULL,
  PRIMARY KEY (`user_id`)
) ENGINE=InnoDB AUTO_INCREMENT=22 DEFAULT CHARSET=latin1;

/*Data for the table `user` */

insert  into `user`(`user_id`,`username`,`password`,`role`) values (1,'rkalfonso','5b8ed59a60a45e1b75084099a69d2918','superuser'),(2,'hrodriguez','acddfc1163b0e8f32912ccc59c4eac69','superuser'),(3,'jlopez','cbe1ba534465de78cea731b2ba3e571e','user1'),(4,'rlangdon','f3f43477d2a69b29e473dabcae4a3b31','user1'),(5,'jfranzen','eab41c59747dad27e49ee1b2d8ce8d35','user1'),(6,'mromero','e9360d2c0b1909464aa464bafc1cd61d','user2'),(7,'ecruz','edff80552e4ab155a719198170f8b6e3','user1'),(8,'lgilbert','2756470e8fcd4c4974ebb984a2520f4e','user1'),(9,'jhalpert','c74813bb3bb74d975194d99dc1789443','user1'),(10,'hpaulson','8338b5cb3d128802630996b74cf06a06','user1'),(11,'ccarrott','56cfd50883a15d910d64c31560ad760f','user2'),(12,'mark','ea82410c7a9991816b5eeeebe195e20a','user1'),(13,'ivanmalvar','c2b446b4c663e0938b5d59e7ee1bd3da','user1'),(14,'ivanmalvar','c2b446b4c663e0938b5d59e7ee1bd3da','user1'),(15,'ivanmalvar','c2b446b4c663e0938b5d59e7ee1bd3da','user1'),(16,'ivanmalvar','c2b446b4c663e0938b5d59e7ee1bd3da','user1'),(17,'ivanmalvar','c2b446b4c663e0938b5d59e7ee1bd3da','user1'),(18,'ArtemisD','72569c32acdda734f6890825bc4e1ce2','user1'),(19,'kristianed','bbc645c7822a327e1716d0c61e62e6c9','user1'),(20,'teresa','5f0cbc3f99acb914d429cfdf23dd75e3','user1'),(21,'rkalfonso2','5572cb9fd2867c27805e06cc478d1143','superuser');

/*!40101 SET SQL_MODE=@OLD_SQL_MODE */;
/*!40014 SET FOREIGN_KEY_CHECKS=@OLD_FOREIGN_KEY_CHECKS */;
/*!40014 SET UNIQUE_CHECKS=@OLD_UNIQUE_CHECKS */;
/*!40111 SET SQL_NOTES=@OLD_SQL_NOTES */;
